App,Categoria,Downloads,Tipo,Preco,Nota,Avaliacoes,Contem_Anuncios,Compras_no_App,Versao,Ultima_Atualizacao,Android,Classificacao_Conteudo,Lancamento
Shopee: Compre de Tudo Online,Compras,100000000,Gratuito,0.0,4.5,3390000,Não,Não,2.91.33,18/08/2022,4.4,Classificação Livre,20/10/2019
Pechinchou Promoções e Cupons,Compras,100000,Gratuito,0.0,4.8,3540,Não,Não,150.0.0,10/08/2022,5.0,Classificação Livre,6/08/2020
Magalu Loja Virtual: Pix da Lu,Compras,50000000,Gratuito,0.0,4.5,969000,Não,Não,3.75.2,19/08/2022,5.1,Classificação Livre,23/06/2014
Americanas: compras online,Compras,50000000,Gratuito,0.0,4.6,867000,Não,Não,3.87.0,29/07/2022,5.0,Classificação Livre,10/04/2014
Shoptime: Compras online,Compras,10000000,Gratuito,0.0,4.6,166000,Não,Não,3.86.3,19/07/2022,5.0,Classificação Livre,9/06/2014
Extra: Loja Online e Ofertas,Compras,10000000,Gratuito,0.0,4.7,161000,Não,Não,8.6.2,16/08/2022,6.0,Classificação Livre,14/08/2013
Facily: Compra Online e Oferta,Compras,10000000,Gratuito,0.0,2.6,174000,Não,Não,4.14.7,15/08/2022,4.4,Classificação Livre,8/06/2018
Submarino: Compras Online,Compras,10000000,Gratuito,0.0,4.4,135000,Não,Não,3.86.3,19/07/2022,5.0,Classificação Livre,25/02/2014
Americanas Delivery,Compras,500000,Gratuito,0.0,2.9,5300,Sim,Não,8.2.17,6/07/2022,5.0,Classificação Livre,31/10/2017
Lojas Pompéia – Moda Fashion,Compras,500000,Gratuito,0.0,4.7,3170,Não,Não,10.45.2,16/08/2022,6.0,Classificação Livre,3/03/2016
Km de Vantagens,Compras,1000000,Gratuito,0.0,2.2,16000,Sim,Não,4.6.7,29/09/2021,5.0,Classificação Livre,21/12/2012
Freto - Frete carga todo dia,Compras,100000,Gratuito,0.0,4.7,10100,Não,Não,2.3.32,3/08/2022,5.0,Classificação Livre,4/10/2017
Habib's,Compras,5000000,Gratuito,0.0,4.2,161000,Não,Não,3.8.6,7/08/2022,5.0,Classificação Livre,30/06/2019
Posthaus: Moda do seu jeito,Compras,1000000,Gratuito,0.0,4.8,68500,Não,Não,3.27.0,28/07/2022,4.4,Classificação Livre,9/01/2014
Aguas App,Compras,500000,Gratuito,0.0,2.8,1540,Não,Não,2.37.1,29/07/2022,5.0,Classificação Livre,28/12/2018
Promobit: Promoções e Cupons,Compras,1000000,Gratuito,0.0,4.8,41900,Não,Não,3.16.0,19/08/2022,5.0,Classificação Livre,30/09/2015
Sam's & Você,Compras,1000000,Gratuito,0.0,3.9,3060,Não,Não,7.22.1,29/07/2022,6.0,Classificação Livre,14/02/2018
KaBuM! Compras Online,Compras,1000000,Gratuito,0.0,4.8,94600,Não,Não,2.62.7,12/08/2022,5.0,Classificação Livre,20/04/2018
Elo7: Produtos Personalizados,Compras,1000000,Gratuito,0.0,4.6,87900,Não,Não,2.18.33.300,13/07/2022,5.0,Classificação Livre,12/12/2014
Bemol,Compras,1000000,Gratuito,0.0,3.6,12300,Não,Não,4.2.10,19/08/2022,6.0,Classificação Livre,3/07/2015
Daki | Mercado em 15 minutos,Compras,1000000,Gratuito,0.0,4.9,12000,Não,Não,1.17.3,4/08/2022,5.0,Classificação Livre,15/01/2021
"Fretebras: Baixou, Carregou!",Compras,1000000,Gratuito,0.0,4.2,47400,Sim,Não,11.8.1,10/08/2022,5.0,Classificação Livre,19/06/2013
Lojas REDE,Compras,100000,Gratuito,0.0,2.6,632,Não,Não,1.10.18,10/05/2022,4.1,Classificação Livre,24/12/2018
Lamis: Compras Online - Moda,Compras,50000,Gratuito,0.0,4.7,772,Não,Não,1.1.0,29/07/2022,6.0,Classificação Livre,1/02/2021
Anuncy - Comprar e Vender!,Compras,50000,Gratuito,0.0,4.3,330,Sim,Não,1.20,14/02/2019,4.4,Classificação Livre,5/11/2018
Ame Digital: Carteira Digital,Compras,10000000,Gratuito,0.0,4.8,951000,Não,Não,1.72.3,12/08/2022,5.1,Classificação Livre,26/04/2018
Zee.Now - Pet Shop Delivery,Compras,100000,Gratuito,0.0,4.6,6620,Não,Não,1.37.0,11/04/2022,6.0,Classificação Livre,16/04/2019
Cobasi,Compras,1000000,Gratuito,0.0,4.8,78400,Não,Não,13.0.5,18/08/2022,5.0,Classificação Livre,17/07/2017
Merqueo Supermercado Online,Compras,1000000,Gratuito,0.0,4.1,39100,Não,Não,3.13.3,19/08/2022,5.0,Classificação Livre,6/09/2016
"Loja C&A: Roupas, Sapatos e +",Compras,10000000,Gratuito,0.0,4.7,93700,Não,Não,4.19.1,3/08/2022,5.0,Classificação Livre,25/10/2016
Catálogos Hiroshima – Aplicativo HiroApp e HiroPag,Compras,500000,Gratuito,0.0,3.2,2690,Não,Não,17.24,12/08/2022,5.0,Classificação Livre,6/05/2020
Compras Paraguai,Compras,1000000,Gratuito,0.0,4.2,4370,Sim,Não,3.1.7,9/02/2022,5.0,Classificação Livre,25/04/2014
OLX - Venda e Compra Online,Compras,100000000,Gratuito,0.0,4.4,1640000,Sim,Não,14.44.1,19/08/2022,5.0,Classificação Livre,8/08/2013
Drogasil: Drogaria Online 24h,Compras,5000000,Gratuito,0.0,4.2,41900,Não,Não,4.47.08,16/08/2022,5.0,Classificação Livre,17/01/2018
MeEntrega,Compras,100000,Gratuito,0.0,4.8,5020,Sim,Não,1.5.0,30/06/2021,4.4,Classificação Livre,3/12/2018
Camicado,Compras,500000,Gratuito,0.0,3.9,1600,Não,Não,1.25.0,4/08/2022,5.0,Classificação Livre,29/04/2019
Pelando: promoções e cupons,Compras,1000000,Gratuito,0.0,1.8,33500,Sim,Não,8.0.11,17/08/2022,6.0,Classificação Livre,4/11/2015
Zattini: Loja de Roupas Online,Compras,10000000,Gratuito,0.0,4.2,74700,Não,Não,2.61.2,15/08/2022,5.1,Classificação Livre,21/08/2015
Hering,Compras,500000,Gratuito,0.0,3.8,1050,Não,Não,3.7.3,27/07/2022,7.0,Classificação Livre,12/11/2020
Netshoes: Loja de Esportes,Compras,10000000,Gratuito,0.0,4.1,437000,Não,Não,4.61.2,15/08/2022,5.1,Classificação Livre,7/08/2014
Drogaria São Paulo,Compras,1000000,Gratuito,0.0,4.7,33800,Não,Não,4.3.0,14/07/2022,5.0,Classificação Livre,21/04/2019
Tembici: Bikes Compartilhadas,Compras,100000,Gratuito,0.0,2.0,2400,Não,Não,9.2.0,28/07/2022,5.0,Classificação Livre,7/03/2018
Farmácias São João - Delivery,Compras,100000,Gratuito,0.0,4.7,2620,Não,Não,2.18.72,1/08/2022,5.0,Classificação Livre,26/05/2020
Plaza Shopping Niterói,Compras,50000,Gratuito,0.0,4.0,295,Não,Não,3.2.11,14/08/2022,8.0,Classificação Livre,9/06/2020
Supermercado Justo,Compras,500000,Gratuito,0.0,4.1,3780,Não,Não,8.2.2,28/07/2022,5.0,Classificação Livre,30/09/2021
eFácil - Tudo que você precisa,Compras,100000,Gratuito,0.0,4.2,8800,Não,Não,2.3.0,18/08/2022,5.0,Classificação Livre,23/01/2020
Ideris,Compras,5000,Gratuito,0.0,3.8,99,Não,Não,1.9.1,15/07/2022,5.0,Classificação Livre,5/02/2020
Privalia: Maior Outlet Online,Compras,1000000,Gratuito,0.0,4.4,26200,Não,Não,4.44.3,11/08/2022,5.0,Classificação Livre,16/03/2020
"Dafiti - Promoção de roupas, sapatos, home e decor",Compras,10000000,Gratuito,0.0,4.5,376000,Sim,Não,12.6.2,16/08/2022,5.0,Classificação Livre,5/08/2013
Casas Bahia: Compras Online,Compras,50000000,Gratuito,0.0,4.7,1110000,Não,Não,8.6.2,16/08/2022,6.0,Classificação Livre,29/10/2013
Natura: perfumes e cosméticos,Compras,10000000,Gratuito,0.0,4.4,191000,Não,Não,8.7.0,16/08/2022,5.0,Classificação Livre,2/12/2015
SHEIN-Compras de Moda Online,Compras,100000000,Gratuito,0.0,4.8,4150000,Não,Não,8.3.8,12/08/2022,5.0,"Classificação 14 anos • Conteúdo Sexual, Linguagem Imprópria",18/03/2014
Scret: perguntas anônimas,Social,1000000,Gratuito,0.0,3.9,6770,Sim,Sim,2.5,16/08/2022,5.0,Classificação Livre,15/07/2022
"Nubank: conta, cartão e mais",Finanças,100000000,Gratuito,0.0,4.7,1930000,Não,Não,Varia de acordo com o dispositivo,19/08/2022,Varia,Classificação Livre,25/04/2014
Mercado Pago: conta digital,Finanças,100000000,Gratuito,0.0,4.7,4640000,Sim,Não,2.229.3,26/07/2022,6.0,Classificação Livre,1/10/2014
Banco Pan: cartão sem anuidade,Finanças,10000000,Gratuito,0.0,3.9,690000,Não,Não,2.46.2,10/08/2022,5.1,Classificação Livre,5/09/2018
C6 Bank,Finanças,10000000,Gratuito,0.0,3.9,472000,Não,Não,Varia de acordo com o dispositivo,11/08/2022,6.0,Classificação Livre,15/05/2019
99 Motorista: Renda Extra,Finanças,10000000,Gratuito,0.0,3.3,212000,Não,Não,7.6.74,14/08/2022,5.0,Classificação Livre,15/07/2017
Santander Brasil,Finanças,50000000,Gratuito,0.0,4.4,2980000,Sim,Não,12.6.1.0,16/08/2022,5.0,Classificação Livre,14/08/2011
99: Viaje seguro com economia,Finanças,50000000,Gratuito,0.0,4.2,2230000,Não,Não,6.25.8,18/08/2022,5.0,Classificação Livre,1/08/2012
"PicPay: Conta, Pix e Cartão",Finanças,50000000,Gratuito,0.0,4.5,1860000,Não,Não,11.0.46,19/08/2022,5.0,Classificação Livre,14/12/2012
Inter: Cartão de Crédito e Pix,Finanças,10000000,Gratuito,0.0,4.8,1380000,Não,Não,11.2.5,18/08/2022,5.0,Classificação Livre,12/03/2014
Mercado Livre: Comprar ofertas,Finanças,100000000,Gratuito,0.0,4.8,15400000,Não,Não,10.221.0,15/08/2022,6.0,Classificação Livre,7/09/2011
Original Instantâneo e Digital,Finanças,10000000,Gratuito,0.0,4.3,264000,Não,Não,3.20.0,11/08/2022,6.0,Classificação Livre,15/04/2015
Jeitto: Crédito e Pagamentos,Finanças,5000000,Gratuito,0.0,4.6,216000,Não,Não,2.15.3.1,21/07/2022,5.0,Classificação Livre,2/03/2017
"PagBank Banco, Pix, CDB, conta",Finanças,50000000,Gratuito,0.0,4.5,1800000,Não,Não,Varia de acordo com o dispositivo,17/08/2022,Varia,Classificação Livre,21/12/2016
"Pix, Contas e Boletos, Recarga",Finanças,10000000,Gratuito,0.0,4.6,643000,Não,Não,5.5.75,19/08/2022,5.0,Classificação Livre,17/12/2012
CAIXA,Finanças,100000000,Gratuito,0.0,4.4,3300000,Não,Não,3.14.0,15/08/2022,Varia,Classificação Livre,9/01/2012
Banese,Finanças,1000000,Gratuito,0.0,3.9,36900,Não,Não,3.15.950,25/07/2022,6.0,Classificação Livre,17/12/2013
Méliuz: Cashback e Cartão,Finanças,10000000,Gratuito,0.0,4.7,174000,Não,Não,7.14.0,15/08/2022,6.0,Classificação Livre,18/01/2017
will bank: Cartão de crédito,Finanças,10000000,Gratuito,0.0,4.4,358000,Não,Não,1.81.2,16/08/2022,5.0,Classificação Livre,7/05/2017
Sicoob,Finanças,5000000,Gratuito,0.0,4.8,786000,Não,Não,Varia de acordo com o dispositivo,16/08/2022,Varia,Classificação Livre,25/03/2011
Ailos: Abrir conta cooperativa,Finanças,1000000,Gratuito,0.0,3.9,21900,Não,Não,2.49.0,16/08/2022,6.0,Classificação Livre,25/08/2015
"SafraPay: máquina, pix e conta",Finanças,,Gratuito,0.0,3.1,32000,Não,Não,,,,,
Uber: Viajar é econômico,Finanças,,Gratuito,0.0,4.4,10300000,Não,Não,,,,,
iFood comida e mercado em casa,Finanças,,Gratuito,0.0,4.7,9720000,Não,Não,,,,,
Banese Card,Finanças,,Gratuito,0.0,3.1,4380,Não,Não,,,,,
Bitz: Conta Digital e Cashback,Finanças,,Gratuito,0.0,3.7,70700,Não,Não,,,,,
Sicoobcard Mobile,Finanças,,Gratuito,0.0,4.1,28700,Não,Não,,,,,
Cora - Conta Digital PJ,Finanças,,Gratuito,0.0,4.7,25900,Não,Não,,,,,
99 Entregador,Finanças,,Gratuito,0.0,2.4,13400,Não,Não,,,,,
nextJoy,Finanças,,Gratuito,0.0,4.3,5270,Não,Não,,,,,
VirtusPay Boleto Parcelado,Finanças,,Gratuito,0.0,3.6,16800,Não,Não,,,,,
Santander Way: App de cartões,Finanças,,Gratuito,0.0,4.4,1340000,Sim,Não,,,,,
Bradesco Net Empresa,Finanças,,Gratuito,0.0,4.2,68300,Não,Não,,,,,
Neon: conta digital e cartão,Finanças,,Gratuito,0.0,3.7,386000,Não,Não,,,,,
Zippi Giro Semanal do Autônomo,Finanças,,Gratuito,0.0,3.0,1860,Não,Não,,,,,
BS2: Conta internacional e Investimento,Finanças,,Gratuito,0.0,4.5,53700,Não,Não,,,,,
Banco Cetelem,Finanças,,Gratuito,0.0,3.8,153000,Não,Não,,,,,
DiDi Rider: Affordable rides,Finanças,,Gratuito,0.0,4.0,787000,Sim,Não,,,,,
"Trigg: Cartão de crédito, Cashback e Empréstimo",Finanças,,Gratuito,0.0,4.4,99700,Não,Não,,,,,
Unicred Mobile,Finanças,,Gratuito,0.0,4.3,3560,Não,Não,,,,,
Nomad: Conta nos EUA e cartão,Finanças,,Gratuito,0.0,4.2,4660,Não,Não,,,,,
Banco Itaú: use cartão virtual,Finanças,,Gratuito,0.0,4.6,2500000,Não,Não,,,,,
Máquina de Cartões do Sicredi,Finanças,,Gratuito,0.0,3.5,2610,Não,Não,,,,,
Rappi Entregador,Finanças,,Gratuito,0.0,4.1,490000,Não,Não,,,,,
Uber Driver - para motorista,Finanças,,Gratuito,0.0,4.4,2950000,Não,Não,,,,,
Banestes,Finanças,,Gratuito,0.0,3.2,13500,Não,Não,,,,,
Safra Empresas: conta para PJ,Finanças,,Gratuito,0.0,4.1,9650,Não,Não,,,,,
Ailos Cartões,Finanças,,Gratuito,0.0,4.2,27900,Não,Não,,,,,
CAIXA Tem,Finanças,,Gratuito,0.0,4.2,4730000,Não,Não,,,,,
Auxílio Brasil GovBR,Social,,Gratuito,0.0,3.5,146000,Não,Não,,,,,
CAIXA Tem,Finanças,,Gratuito,0.0,4.2,4730000,Não,Não,,,,,
phone cleaner,Ferramentas,,Gratuito,0.0,3.7,8770,Sim,Não,,,,,
Bravo Cleaner: rápido e limpo,Ferramentas,,Gratuito,0.0,4.1,46500,Sim,Sim,,,,,
Kwai - Ver Vídeos Bacanas,Reproduzir e editar vídeos,,Gratuito,0.0,4.8,9490000,Sim,Sim,,,,,
Instagram,Social,,Gratuito,0.0,4.3,139000000,Sim,Sim,,,,,
gov.br,Ferramentas,,Gratuito,0.0,4.7,2350000,Não,Não,,,,,
TikTok,Social,,Gratuito,0.0,4.5,51300000,Sim,Sim,,,,,
Easy Booster,Ferramentas,,Gratuito,0.0,4.0,7250,Sim,Não,,,,,
WhatsApp Messenger,Comunicação,,Gratuito,0.0,4.3,168000000,Não,Não,,,,,
CapCut - Editor de Vídeos,Reproduzir e editar vídeos,,Gratuito,0.0,4.4,4540000,Não,Sim,,,,,
Mercado Livre: Comprar ofertas,Compras,,Gratuito,0.0,4.8,15400000,Não,Não,,,,,
CashTube,Reproduzir e editar vídeos,,Gratuito,0.0,4.0,27600,Sim,Não,,,,,
OiTube: Tube de Saltar Ads,Ferramentas,,Gratuito,0.0,4.7,137000,Sim,Não,,,,,
Brave navegador privado,Comunicação,,Gratuito,0.0,4.6,961000,Sim,Sim,,,,,
Americanas: compras online,Compras,,Gratuito,0.0,4.6,867000,Não,Não,,,,,
Helo - Humor e Tendências,Social,,Gratuito,0.0,4.4,790000,Não,Não,,,,,
Netflix,Entretenimento,,Gratuito,0.0,4.4,13500000,Não,Sim,,,,,
Serasa: Consulta CPF e Score,Finanças,,Gratuito,0.0,4.4,561000,Sim,Sim,,,,,
StarMaker: Cante e Jogue,Música e áudio,,Gratuito,0.0,4.5,3060000,Sim,Sim,,,,,
WhatsApp Business,Comunicação,,Gratuito,0.0,4.3,9430000,Não,Sim,,,,,
Cine Vision V6,Entretenimento,,Gratuito,0.0,2.1,6610,Sim,Não,,,,,
Magalu Loja Virtual: Pix da Lu,Compras,,Gratuito,0.0,4.5,969000,Não,Não,,,,,
Carteira de Trabalho Digital,Ferramentas,,Gratuito,0.0,3.7,573000,Não,Não,,,,,
iFood comida e mercado em casa,Comer e beber,,Gratuito,0.0,4.7,9720000,Não,Não,,,,,
365Scores: Brasileirão ao vivo,Esportes,,Gratuito,0.0,4.6,1390000,Sim,Sim,,,,,
Star+,Entretenimento,,Gratuito,0.0,4.3,214000,Não,Sim,,,,,
Casas Bahia: Compras Online,Compras,,Gratuito,0.0,4.7,1110000,Não,Não,,,,,
Telegram,Comunicação,,Gratuito,0.0,4.4,11300000,Não,Sim,,,,,
Bitz: Conta Digital e Cashback,Finanças,,Gratuito,0.0,3.7,70700,Não,Não,,,,,
"PicPay: Conta, Pix e Cartão",Finanças,,Gratuito,0.0,4.5,1860000,Não,Não,,,,,
CrmBonus,Compras,100000,Gratuito,0.0,2.8,283,Não,Não,2.0.36,10/08/2022,5.0,Classificação Livre,27/09/2021
Clube Gentil,Compras,10000,Gratuito,0.0,4.6,103,Não,Não,1.00.36.004,9/05/2022,5.1,Classificação Livre,18/09/2020
Condomínio Dedicado,Compras,50000,Gratuito,0.0,4.6,2530,Não,Não,2.5.5,29/07/2022,4.4,Classificação Livre,6/02/2018
Ilhabela - Tudo em Ilhabela,Compras,10000,Gratuito,0.0,4.7,200,Não,Não,0.3.4,11/06/2022,5.1,Classificação Livre,8/08/2019
Miller Mais,Compras,10000,Gratuito,0.0,4.7,391,Não,Não,1.00.39.001,22/07/2022,5.1,Classificação Livre,14/11/2019
Rena em Casa,Compras,50000,Gratuito,0.0,4.5,410,Não,Não,1.65.3,11/05/2022,4.4,Classificação Livre,4/10/2018
Igreja da Cidade,Compras,10000,Gratuito,0.0,4.9,195,Não,Não,25.34.0,18/05/2022,4.4,Classificação Livre,13/06/2019
Madureira Shopping,Compras,10000,Gratuito,0.0,4.4,150,Não,Não,7.51,9/03/2022,8.0,Classificação Livre,15/04/2019
Shopping Nova Iguaçu,Compras,100000,Gratuito,0.0,4.1,457,Não,Não,7.70.0,10/08/2022,5.0,Classificação Livre,6/02/2018
Guardiões da Saúde,Compras,10000,Gratuito,0.0,4.1,488,Não,Não,3.2.7,9/07/2022,5.0,Classificação Livre,1/11/2018
OFF Premium,Compras,50000,Gratuito,0.0,3.8,363,Não,Não,8.9.10,23/06/2022,5.0,Classificação Livre,22/10/2018
Hermes Pardini: Laboratório e+,Compras,100000,Gratuito,0.0,4.0,1150,Não,Não,2.9.0,28/07/2022,4.4,Classificação Livre,29/05/2020
"EPOC PDV: Controle Vendas, Pedidos, Estoque, Caixa",Compras,10000,Gratuito,0.0,3.6,45,Não,Não,2.1.05,15/08/2022,4.4,Classificação Livre,12/07/2017
Serve Bem Supermercado,Compras,10000,Gratuito,0.0,4.7,141,Não,Não,8.4,12/08/2022,5.0,Classificação Livre,27/03/2020
HBO Max: Assista à TV e filmes,Entretenimento,100000000,Gratuito,0.0,3.0,399000,Sim,Sim,Varia de acordo com o dispositivo,8/08/2022,5.0,"Classificação 14 anos • Violência, Conteúdo Sexual, Linguagem Imprópria",29/06/2021
Pluto TV – TV Ao vivo e Filmes,Entretenimento,100000000,Gratuito,0.0,4.2,505000,Sim,Não,Varia de acordo com o dispositivo,19/07/2022,5.0,"Classificação 16 anos • Violência Extrema, Conteúdo Sexual, Drogas Ilícitas",2/09/2014
Disney+,Entretenimento,100000000,Gratuito,0.0,4.5,1990000,Não,Sim,2.10.0-rc1,15/08/2022,5.0,"Classificação 16 anos • Violência, Conteúdo Sexual, Linguagem Imprópria",16/11/2020
Paramount+,Entretenimento,10000000,Gratuito,0.0,4.1,95700,Não,Sim,12.0.25,2/08/2022,5.0,"Classificação 16 anos • Violência, Conteúdo Sexual, Drogas Ilícitas",15/02/2021
STARZPLAY,Entretenimento,10000000,Gratuito,0.0,3.7,45800,Não,Sim,Varia de acordo com o dispositivo,18/07/2022,5.0,"Classificação 16 anos • Violência, Conteúdo Sexual, Drogas Ilícitas",18/10/2019
Crunchyroll,Entretenimento,50000000,Gratuito,0.0,4.4,1030000,Sim,Sim,Varia de acordo com o dispositivo,10/08/2022,Varia,"Classificação 16 anos • Violência, Conteúdo Sexual, Linguagem Imprópria",20/12/2010
discovery+ | Streaming,Entretenimento,5000000,Gratuito,0.0,4.8,176000,Sim,Sim,16.2.4,5/08/2022,5.1,"Classificação 14 anos • Violência, Linguagem Imprópria",9/11/2021
Plex: Streaming de filmes e TV,Entretenimento,10000000,Gratuito,0.0,3.8,257000,Sim,Sim,9.6.3.34515,15/08/2022,Varia,"Classificação 14 anos • Violência, Conteúdo Sexual, Drogas Ilícitas",16/02/2011
Funimation,Entretenimento,10000000,Gratuito,0.0,2.9,190000,Sim,Sim,3.7.1,25/04/2022,6.0,"Classificação 16 anos • Violência Extrema, Conteúdo Sexual, Drogas Ilícitas",20/01/2021
JustWatch - Streaming Guide,Entretenimento,5000000,Gratuito,0.0,4.2,44300,Não,Sim,Varia de acordo com o dispositivo,19/08/2022,Varia,"Classificação 12 anos • Conteúdo Sexual, Conteúdo Impactante",20/07/2015
Amazon Prime Video,Entretenimento,100000000,Gratuito,0.0,4.3,3560000,Sim,Sim,Varia de acordo com o dispositivo,17/08/2022,5.0,"Classificação 16 anos • Violência, Conteúdo Sexual, Drogas Ilícitas",13/12/2016
DAZN Esportes ao vivo,Entretenimento,10000000,Gratuito,0.0,3.4,234000,Sim,Sim,Varia de acordo com o dispositivo,8/08/2022,Varia,Classificação 14 anos • Violência,7/05/2019
Stremio,Entretenimento,5000000,Gratuito,0.0,3.7,41000,Não,Não,Varia de acordo com o dispositivo,18/08/2022,Varia,"Classificação 16 anos • Violência, Conteúdo Sexual, Drogas Ilícitas",30/08/2019
Claro tv+,Entretenimento,5000000,Gratuito,0.0,4.0,93400,Não,Não,10.29.02,10/08/2022,6.0,"Classificação 16 anos • Violência, Conteúdo Sexual, Drogas Ilícitas",4/09/2014
Twitch: Transmissão ao vivo,Entretenimento,100000000,Gratuito,0.0,4.5,4970000,Sim,Sim,Varia de acordo com o dispositivo,8/08/2022,5.0,Classificação 12 anos • Linguagem Imprópria,20/05/2015
ViX: Filmes e TV sem limites,Entretenimento,10000000,Gratuito,0.0,4.0,212000,Sim,Não,5.4.5,11/07/2022,5.0,"Classificação 16 anos • Violência Extrema, Conteúdo Sexual, Drogas Ilícitas",26/10/2016
IMDb Cinema & TV,Entretenimento,100000000,Gratuito,0.0,4.4,867000,Sim,Não,8.5.8.108580300,17/08/2022,8.0,"Classificação 14 anos • Violência, Conteúdo Sexual, Drogas Ilícitas",29/06/2010
Old Movies Hollywood Classics,Entretenimento,5000000,Gratuito,0.0,4.0,49400,Sim,Sim,1.15.10,19/08/2022,5.0,"Classificação 16 anos • Violência, Conteúdo Sexual, Drogas Ilícitas",13/02/2018
DIRECTV GO,Entretenimento,5000000,Gratuito,0.0,3.1,58800,Não,Não,Varia de acordo com o dispositivo,5/08/2022,5.0,"Classificação 16 anos • Violência, Conteúdo Sexual, Drogas Ilícitas",21/06/2022
TV Time: Seguir Séries e filme,Entretenimento,10000000,Gratuito,0.0,4.0,475000,Não,Não,8.43.0-2022052701,6/06/2022,5.0,"Classificação 16 anos • Violência, Conteúdo Sexual, Drogas Ilícitas",8/11/2013
Televizo - IPTV player,Entretenimento,1000000,Gratuito,0.0,4.1,5440,Sim,Sim,1.9.5.31,3/08/2022,5.0,Classificação Livre,28/02/2019
OneFootball Resultados Futebol,Entretenimento,50000000,Gratuito,0.0,4.7,1530000,Sim,Sim,14.40.2,19/08/2022,6.0,Classificação Livre,29/08/2011
Yahoo Mail – seu e-mail organizado,Entretenimento,100000000,Gratuito,0.0,4.8,6330000,Sim,Sim,Varia de acordo com o dispositivo,18/08/2022,Varia,Classificação Livre,22/06/2010
Brasileirão Pro 2022 Série A B,Entretenimento,5000000,Gratuito,0.0,4.5,140000,Sim,Sim,3.6.1.0,14/06/2022,5.1,Classificação Livre,6/11/2014
PlayPlus,Entretenimento,5000000,Gratuito,0.0,2.6,38900,Não,Sim,3.37.5,30/06/2022,5.0,"Classificação 14 anos • Violência, Drogas Ilícitas",13/08/2018
RTVE Play,Entretenimento,1000000,Gratuito,0.0,4.3,79600,Não,Não,Varia de acordo com o dispositivo,4/08/2022,Varia,"Classificação 16 anos • Violência, Conteúdo Sexual, Drogas Ilícitas",20/02/2012
ATRESplayer: Series y noticias,Entretenimento,10000000,Gratuito,0.0,3.7,98900,Sim,Sim,3.28.0,5/07/2022,5.0,Classificação Livre,5/09/2012
Web Video Cast,Entretenimento,10000000,Gratuito,0.0,4.6,1340000,Sim,Sim,Varia de acordo com o dispositivo,3/08/2022,Varia,Classificação Livre,7/03/2014
Roku TV Remote Control: RoByte,Entretenimento,5000000,Gratuito,0.0,4.3,60800,Não,Sim,2.4.12,13/02/2022,5.0,Classificação Livre,12/02/2015
Wapa.TV,Entretenimento,500000,Gratuito,0.0,0.0,0,Sim,Não,5.2.3,16/01/2022,4.1,Classificação Livre,4/10/2013
Univer Video,Entretenimento,1000000,Gratuito,0.0,4.4,29600,Não,Não,Varia de acordo com o dispositivo,12/04/2022,Varia,Classificação Livre,18/09/2016
RTP Play,Entretenimento,500000,Gratuito,0.0,3.9,3920,Sim,Não,Varia de acordo com o dispositivo,18/08/2022,5.0,Classificação 10 anos • Linguagem Imprópria,16/11/2016
Claro video,Entretenimento,50000000,Gratuito,0.0,1.9,198000,Não,Não,572v3,4/07/2022,6.0,Classificação Livre,30/11/2012
Smarters Player Lite,Entretenimento,1000000,Gratuito,0.0,4.6,21300,Não,Não,5.1,28/04/2022,4.2,Classificação Livre,24/09/2018
Kodi,Entretenimento,50000000,Gratuito,0.0,4.1,318000,Não,Não,19.3,24/10/2021,5.0,Classificação Livre,14/06/2015
Rave – Video Party,Entretenimento,10000000,Gratuito,0.0,4.5,493000,Sim,Sim,5.3.24,20/08/2022,5.0,Classificação 12 anos • Linguagem Imprópria,1/12/2015
FlixPlayer for Android,Entretenimento,10000000,Gratuito,0.0,4.3,91900,Sim,Sim,2.9,5/08/2022,5.0,Classificação Livre,13/12/2018
Premiere,Entretenimento,5000000,Gratuito,0.0,4.3,101000,Sim,Sim,Varia de acordo com o dispositivo,19/08/2022,Varia,Classificação Livre,5/07/2013
Roku,Entretenimento,10000000,Gratuito,0.0,4.6,685000,Sim,Não,Varia de acordo com o dispositivo,20/08/2022,Varia,"Classificação 16 anos • Violência, Conteúdo Sexual, Drogas Ilícitas",21/01/2020
Noor Play,Entretenimento,1000000,Gratuito,0.0,3.5,14400,Não,Sim,Varia de acordo com o dispositivo,3/08/2022,5.0,Classificação Livre,22/02/2017
Multivix,Entretenimento,50000,Gratuito,0.0,4.2,561,Não,Não,1.7.0,21/02/2022,4.1,Classificação Livre,11/08/2019
Prime Video - Android TV,Entretenimento,100000000,Gratuito,0.0,1.7,452,Sim,Não,5.7.14+v14.0.0.440-armv7a,9/08/2022,5.0,"Classificação 16 anos • Violência, Conteúdo Sexual, Drogas Ilícitas",20/12/2017
Fanatiz,Entretenimento,100000,Gratuito,0.0,3.1,1270,Sim,Sim,Varia de acordo com o dispositivo,1/07/2022,5.0,Classificação Livre,9/06/2017
Vivo Smart Wi-Fi,Entretenimento,1000000,Gratuito,0.0,4.1,39300,Não,Não,2.16.0.1(1),4/07/2022,5.1,Classificação Livre,8/12/2017
SPORT TV,Entretenimento,500000,Gratuito,0.0,3.9,4500,Não,Não,5.2.6,9/08/2022,5.0,Classificação Livre,11/06/2019
Champions League Oficial,Entretenimento,10000000,Gratuito,0.0,4.7,224000,Sim,Não,9.4.0,17/08/2022,5.0,Classificação Livre,12/08/2015
UOL Play,Entretenimento,100000,Gratuito,0.0,3.0,1540,Não,Não,4.0.72,17/08/2022,8.0,"Classificação 16 anos • Violência, Conteúdo Sexual, Drogas Ilícitas",24/01/2020
TV Pokémon,Entretenimento,10000000,Gratuito,0.0,4.6,204000,Sim,Não,Varia de acordo com o dispositivo,24/05/2022,Varia,Classificação Livre,12/02/2013
C6 Bank,Finanças,10000000,Gratuito,0.0,3.9,472000,Não,Não,Varia de acordo com o dispositivo,11/08/2022,6.0,Classificação Livre,15/05/2019
Bmg Conta Digital: Empréstimos,Finanças,10000000,Gratuito,0.0,4.2,191000,Não,Não,3.40.3,11/08/2022,5.0,Classificação Livre,27/10/2018
DieselBank,Finanças,10000,Gratuito,0.0,4.5,749,Não,Não,3.0.11,15/07/2022,5.0,Classificação Livre,29/07/2020
Senff - Clientes,Finanças,1000000,Gratuito,0.0,2.7,11500,Não,Não,8.88,10/08/2022,5.0,Classificação Livre,19/10/2015
Calcard Ouze,Finanças,1000000,Gratuito,0.0,4.7,78800,Não,Não,4.7.0,10/05/2022,6.0,Classificação Livre,21/03/2019
Social Bank,Finanças,100000,Gratuito,0.0,2.6,4690,Não,Não,1.50.3,6/07/2022,4.1,Classificação Livre,2/05/2017
Digio: Cartão de Crédito,Finanças,10000000,Gratuito,0.0,4.3,577000,Não,Não,2.21.1.0,17/08/2022,5.1,Classificação Livre,18/07/2016
ZemoBank | Conta PF,Finanças,10000,Gratuito,0.0,2.5,201,Não,Não,3.9.0,29/06/2022,6.0,Classificação Livre,6/09/2019
Cartão Esposende,Finanças,100000,Gratuito,0.0,4.3,3770,Não,Não,104.2.9,16/08/2022,5.0,Classificação Livre,30/03/2020
Creditas - Crédito online,Finanças,1000000,Gratuito,0.0,4.5,7840,Não,Não,8.85.0,17/08/2022,5.0,Classificação Livre,5/06/2018
Afinz / Sorocred,Finanças,1000000,Gratuito,0.0,2.6,32000,Não,Não,Codemagic PROD V8,5/08/2022,5.0,Classificação Livre,31/07/2018
Unicred Visa,Finanças,50000,Gratuito,0.0,4.2,457,Não,Não,3.32,16/08/2022,6.0,Classificação Livre,3/08/2020
Cartão Fácil EPA,Finanças,100000,Gratuito,0.0,4.2,8020,Não,Não,104.2.9,16/08/2022,5.0,Classificação Livre,28/08/2020
É Comigo Santander,Finanças,100000,Gratuito,0.0,2.6,1300,Não,Não,5.8.2,1/08/2022,5.1,Classificação Livre,6/04/2015
Corinthians Bmg: banco da fiel,Finanças,1000000,Gratuito,0.0,4.3,29400,Não,Não,3.40.3-corinthians,11/08/2022,5.0,Classificação Livre,28/02/2019
Cartão EDMAIS,Finanças,100000,Gratuito,0.0,4.4,4920,Não,Não,104.2.9,16/08/2022,5.0,Classificação Livre,18/06/2020
Sicredi,Finanças,5000000,Gratuito,0.0,4.8,281000,Não,Não,5.54.0,12/08/2022,Varia,Classificação Livre,14/12/2015
Voltz: Sua conta digital,Finanças,1000000,Gratuito,0.0,3.0,7410,Não,Não,1.9.0,8/08/2022,5.0,Classificação Livre,7/01/2021
Desfrutar de dinheiro,Entretenimento,1000000,Gratuito,0.0,3.9,16600,Sim,Não,2.5.7,19/08/2022,6.0,"Classificação 12 anos • Violência, Linguagem Imprópria",12/05/2022
Gelt: Cashback e Descontos,Entretenimento,1000000,Gratuito,0.0,4.2,64800,Não,Não,5.5,10/08/2022,5.0,Classificação Livre,1/09/2017
Apcap da Sorte,Entretenimento,1000000,Gratuito,0.0,4.5,25700,Não,Não,6.0.2,17/08/2022,5.0,Classificação Livre,23/03/2018
Cuponomia: Cupons e Cashback,Entretenimento,1000000,Gratuito,0.0,4.5,13000,Não,Não,1.22.1.7,19/08/2022,5.0,Classificação Livre,10/11/2020
Loterias Random Sorte,Entretenimento,50000,Gratuito,0.0,4.7,6730,Sim,Sim,2.40.40,7/08/2022,4.4,Classificação Livre,1/12/2020
Evenfy,Entretenimento,50000,Gratuito,0.0,4.6,445,Sim,Não,2.3.7,13/09/2021,4.4,Classificação Livre,8/07/2015
Melhor Câmbio - Cotações Hoje,Entretenimento,100000,Gratuito,0.0,4.7,1010,Não,Não,4.0.7,16/07/2020,4.4,Classificação Livre,15/04/2016
Zro Bank - Cashback em Bitcoin,Entretenimento,100000,Gratuito,0.0,2.6,1360,Não,Não,1.16.2,19/08/2022,7.0,Classificação Livre,11/03/2020
Bradesco Seguros,Entretenimento,1000000,Gratuito,0.0,4.6,18600,Não,Não,2.7.0,4/08/2022,5.0,Classificação Livre,5/08/2017
Vakinha Online,Entretenimento,500000,Gratuito,0.0,4.6,11900,Não,Não,1.85,19/04/2022,4.4,Classificação 12 anos • Linguagem Imprópria,17/12/2019
TIM + Vantagens,Entretenimento,1000000,Gratuito,0.0,4.6,82600,Sim,Não,1.1.104,7/07/2022,5.1,Classificação Livre,10/08/2020
Grão: pra você poupar dinheiro,Entretenimento,500000,Gratuito,0.0,2.8,4940,Não,Não,1.6.15,9/06/2022,6.0,Classificação Livre,4/09/2018
GotChosen para influenciadores,Entretenimento,100000,Gratuito,0.0,3.5,1210,Sim,Não,5.0.3,19/08/2022,7.0,Classificação 12 anos • Linguagem Imprópria,3/11/2020
52 Semanas - Guardar Dinheiro,Entretenimento,1000000,Gratuito,0.0,4.7,55300,Sim,Sim,4.7.1,10/03/2022,5.0,Classificação Livre,9/02/2018
PiniOn,Entretenimento,1000000,Gratuito,0.0,3.4,51700,Não,Não,4.5.0,9/08/2022,5.0,Classificação 12 anos • Linguagem Imprópria,13/09/2013
Zé Delivery de Bebidas,Comer e beber,10000000,Gratuito,0.0,4.9,695000,Não,Não,22.32.1,12/08/2022,5.0,"Classificação 12 anos • Drogas Lícitas, Temas Sensíveis",13/12/2017
Petlove - Pet Shop Online,Comer e beber,1000000,Gratuito,0.0,4.6,52400,Não,Não,6.37.2,15/08/2022,6.0,Classificação Livre,12/02/2015
Americanas Entrega Flash,Comer e beber,500000,Gratuito,0.0,2.4,11300,Não,Não,4.0.17,19/08/2022,5.0,Classificação Livre,20/10/2019
Liv Up – Comida Saudável,Comer e beber,1000000,Gratuito,0.0,4.0,3460,Não,Não,41.1.0,14/06/2022,5.0,Classificação Livre,20/08/2018
Cornershop by Uber,Comer e beber,5000000,Gratuito,0.0,3.6,71600,Não,Não,3.2.3,15/08/2022,6.0,Classificação Livre,1/06/2015
Alfred Delivery,Comer e beber,100000,Gratuito,0.0,4.7,3690,Não,Não,2.2.73,2/12/2021,5.0,Classificação 10 anos • Conteúdo Impactante,26/02/2018
Delivery In Box,Comer e beber,50000,Gratuito,0.0,3.9,309,Não,Não,4.34.3,12/08/2022,5.1,Classificação Livre,14/04/2016
Shippify - Para Entregadores,Comer e beber,100000,Gratuito,0.0,4.3,7180,Não,Não,3.2.3,1/08/2022,5.0,Classificação Livre,30/04/2015
Frubana,Comer e beber,500000,Gratuito,0.0,4.7,11300,Não,Não,4.8.38,8/07/2022,5.0,Classificação Livre,5/04/2018
Delivery On - Sua fome OFF,Comer e beber,100000,Gratuito,0.0,4.7,6840,Não,Não,Varia de acordo com o dispositivo,10/08/2022,Varia,Classificação Livre,10/04/2017
Bigou Delivery de Comida,Comer e beber,100000,Gratuito,0.0,4.6,7200,Não,Não,7.7.0,13/06/2022,5.0,Classificação Livre,28/10/2014
RappiAliado,Comer e beber,500000,Gratuito,0.0,2.1,3520,Sim,Não,5.5.4,15/08/2022,5.0,Classificação Livre,25/01/2017
hugo - Lo hago todo por ti,Comer e beber,1000000,Gratuito,0.0,4.4,52000,Não,Não,4.0.0,10/08/2022,6.0,Classificação 10 anos • Conteúdo Impactante,24/03/2017
PetCam App - Pet Câmera App,Comer e beber,50000,Gratuito,0.0,3.0,334,Não,Sim,3.0.340,17/07/2022,7.0,Classificação Livre,27/09/2018
Sou Entregador Play Delivery,Comer e beber,100000,Gratuito,0.0,4.4,4680,Não,Não,9.0.3,19/01/2022,4.2,Classificação Livre,2/04/2015
Talking Pierre,Comer e beber,100000000,Gratuito,0.0,4.2,784000,Sim,Sim,3.7.1.125,3/06/2022,5.0,Classificação Livre,16/02/2012
UaiRango Delivery,Comer e beber,500000,Gratuito,0.0,4.7,6060,Sim,Não,Varia de acordo com o dispositivo,26/05/2022,Varia,Classificação Livre,18/02/2017
Mapa Celestial,Comer e beber,1000000,Gratuito,0.0,4.5,10700,Sim,Não,1.115,14/07/2022,4.4,Classificação Livre,5/08/2017
99 Store Pad,Comer e beber,50000,Gratuito,0.0,3.5,663,Não,Não,1.2.67,17/08/2022,5.0,Classificação Livre,18/06/2020
Minha Claro Residencial (NET),Comer e beber,10000000,Gratuito,0.0,4.1,434000,Não,Não,8.27.7,16/08/2022,5.1,Classificação Livre,31/01/2013
99 Store,Comer e beber,100000,Gratuito,0.0,3.2,2730,Não,Não,1.2.67,17/08/2022,5.0,Classificação Livre,29/11/2019
Cuponeria - Cupons de desconto,Comer e beber,1000000,Gratuito,0.0,4.7,38500,Não,Não,4.0.02,18/01/2022,5.0,Classificação Livre,15/08/2013
Pedidos10 - Delivery de Tudo,Comer e beber,100000,Gratuito,0.0,4.7,6020,Não,Não,1.16.4,5/04/2022,5.1,Classificação Livre,16/06/2016
MTCAP,Comer e beber,100000,Gratuito,0.0,4.8,3510,Não,Não,1.0.10200,20/08/2022,4.4,Classificação Livre,6/01/2020
Nidobox Supermercado,Comer e beber,50000,Gratuito,0.0,4.8,645,Não,Não,8.4,12/08/2022,5.0,Classificação Livre,14/03/2018
Tipti Supermercado a domicilio,Comer e beber,100000,Gratuito,0.0,0.0,0,Sim,Não,4.7.53,19/08/2022,7.0,Classificação Livre,4/09/2017
Shell Box,Comer e beber,10000000,Gratuito,0.0,4.5,199000,Não,Não,9.13.2.2,17/08/2022,7.0,Classificação Livre,24/09/2015
Appétit Delivery com Cashback,Comer e beber,100000,Gratuito,0.0,4.4,1860,Não,Não,2.36.0,18/08/2022,5.0,Classificação Livre,23/08/2018
Aegro - Gestão Rural,Comer e beber,50000,Gratuito,0.0,4.1,310,Não,Não,7.2.7,12/08/2022,5.0,Classificação Livre,14/02/2016
Tonolucro Delivery de Tudo,Comer e beber,500000,Gratuito,0.0,3.3,5650,Não,Não,3.1.6,12/08/2022,5.0,Classificação Livre,18/08/2015
Wine: Loja e Clube de Vinhos,Comer e beber,500000,Gratuito,0.0,4.6,14300,Não,Não,1.35.2,6/08/2022,5.0,Classificação 10 anos • Conteúdo Impactante,20/05/2019
Dotz: conta digital,Comer e beber,1000000,Gratuito,0.0,3.8,45600,Não,Não,2.3.0,21/07/2022,5.0,Classificação Livre,7/10/2019
Casal papagaio falante,Comer e beber,10000000,Gratuito,0.0,4.3,68700,Sim,Não,1.8.1,25/05/2022,4.4,Classificação Livre,27/11/2012
McDonald’s: Cupons e Delivery,Comer e beber,50000000,Gratuito,0.0,4.7,725000,Não,Não,3.12.0,17/08/2022,6.0,Classificação Livre,8/07/2016
Star Walk - Mapa do céu e das estrelas ao vivo 3D,Comer e beber,1000000,Gratuito,0.0,3.8,6530,Sim,Sim,1.4.5,18/11/2020,4.4,Classificação Livre,20/12/2013
Click Entregas: Entregas Rapidas de Moto,Comer e beber,500000,Gratuito,0.0,4.8,3900,Não,Não,1.66.3,8/08/2022,5.0,Classificação Livre,8/02/2019
Mais Delivery,Comer e beber,500000,Gratuito,0.0,4.6,17700,Sim,Não,6.6.4,4/08/2022,5.0,Classificação Livre,28/02/2019
RichThinker,Ferramentas,1000000,Gratuito,0.0,0.0,0,Sim,Não,1.0.0.4,15/07/2022,5.0,Classificação Livre,
Cashzine: Ler e Ganhe Dinheiro,Ferramentas,10000000,Gratuito,0.0,3.9,471000,Sim,Não,4.23,28/06/2022,4.2,Classificação Livre,20/03/2020
GoNovel,Ferramentas,5000000,Gratuito,0.0,3.5,56000,Sim,Sim,2.1.2,22/06/2022,5.0,Classificação 10 anos • Linguagem Imprópria,4/12/2020
Cryptopop - Earn ETH,Ferramentas,1000000,Gratuito,0.0,4.1,62300,Sim,Não,1.5.3,27/07/2022,4.4,Classificação Livre,27/04/2018
CAIXA,Finanças,100000000,Gratuito,0.0,4.4,3300000,Não,Não,3.14.0,15/08/2022,Varia,Classificação Livre,9/01/2012
Inter: Cartão de Crédito e Pix,Finanças,10000000,Gratuito,0.0,4.8,1380000,Não,Não,11.2.5,18/08/2022,5.0,Classificação Livre,12/03/2014
iti: banco digital do Itaú,Finanças,10000000,Gratuito,0.0,4.5,567000,Não,Não,1.107.1,19/08/2022,5.0,Classificação Livre,18/07/2019
Banco next: Conta e Cartão,Finanças,10000000,Gratuito,0.0,3.9,388000,Não,Não,30.33.1,3/08/2022,5.0,Classificação Livre,25/03/2014
BTG Pactual Empresas,Finanças,50000,Gratuito,0.0,3.8,360,Não,Não,3.14.00,19/08/2022,5.0,Classificação Livre,26/03/2020
banco BV conta e financiamento,Finanças,5000000,Gratuito,0.0,3.8,229000,Não,Não,1.49.0,17/08/2022,5.0,Classificação Livre,16/02/2020
NG.CASH,Finanças,1000000,Gratuito,0.0,4.5,18300,Não,Não,2.9.0,5/08/2022,6.0,Classificação Livre,16/09/2019
Conta Simples,Finanças,100000,Gratuito,0.0,4.7,2660,Não,Não,6.6.0,8/08/2022,5.0,Classificação Livre,10/06/2019
Credicard Use Cartão Pré-pago,Finanças,100000,Gratuito,0.0,3.7,509,Não,Não,1.5.0,4/08/2022,4.4,Classificação Livre,9/04/2019
Conta Digital iFood,Finanças,1000000,Gratuito,0.0,4.5,21700,Sim,Não,2.85.0,18/08/2022,5.0,Classificação Livre,24/08/2020
Itaú Corretora,Finanças,500000,Gratuito,0.0,3.0,7830,Não,Não,3.0.8,21/07/2022,4.1,Classificação Livre,16/08/2010
Somapay,Finanças,50000,Gratuito,0.0,4.4,3580,Não,Não,3.6.0,11/05/2022,5.0,Classificação Livre,30/09/2020
Bk Bank,Finanças,100000,Gratuito,0.0,2.3,1490,Não,Não,4.0.3,28/06/2022,5.0,Classificação Livre,17/07/2019
Banco da Amazônia,Finanças,100000,Gratuito,0.0,3.8,5640,Não,Não,09.25.000004,19/08/2022,5.1,Classificação Livre,23/06/2015
Z1 - conta para adolescentes,Finanças,1000000,Gratuito,0.0,4.5,52000,Não,Não,2.31.0,18/08/2022,5.0,Classificação Livre,3/10/2020
BEES Bank,Finanças,100000,Gratuito,0.0,4.6,17400,Não,Não,2.0.6,16/08/2022,5.0,Classificação Livre,19/11/2019
Banco BS2 Empresas,Finanças,100000,Gratuito,0.0,4.3,4270,Não,Não,1.2.722,15/08/2022,7.0,Classificação Livre,4/06/2020
WU Brasil: Enviar Dinheiro,Finanças,1000000,Gratuito,0.0,4.5,11900,Não,Não,4.1,19/08/2022,6.0,Classificação Livre,27/08/2016
BTG Pactual Wealth Management,Finanças,10000,Gratuito,0.0,4.4,120,Não,Não,8.07.18,15/06/2022,5.0,Classificação Livre,20/10/2017
Uber: Viajar é econômico,Mapas e navegação,500000000,Gratuito,0.0,4.4,10300000,Não,Não,Varia de acordo com o dispositivo,15/08/2022,Varia,Classificação Livre,28/10/2010
Novo Hinário Adventista,Música e áudio,1000,Pago,10.99,4.0,145,Não,Não,1.0.4,18/08/2022,6.0,Classificação Livre,8/07/2022
Game Booster 4x Faster Pro,Ferramentas,1000000,Pago,1.29,4.4,98000,Não,Sim,1.1.8,5/08/2022,4.1,Classificação Livre,3/11/2019
Game Booster,Ferramentas,1000000,Gratuito,0.0,4.1,12900,Sim,Não,2.2,17/02/2019,4.0.3,Classificação Livre,10/03/2014
Game Mode: Acelerador de Jogos,Ferramentas,10000000,Gratuito,0.0,4.7,171000,Sim,Sim,1.9.0,18/01/2022,5.0,Classificação Livre,5/02/2019
Game Booster Fire GFX- Lag Fix,Ferramentas,1000000,Gratuito,0.0,4.6,63500,Sim,Sim,167,4/08/2022,4.4,Classificação Livre,1/09/2020
Game Booster VIP Lag Fix & GFX,Ferramentas,100000,Pago,2.89,4.6,9880,Não,Não,69,5/05/2022,4.4,Classificação Livre,15/05/2020
GFX Tool - Game Booster,Ferramentas,5000000,Gratuito,0.0,4.6,336000,Sim,Sim,1.4.7,25/05/2022,4.1,Classificação Livre,21/11/2018
Gamers GLTool Pro,Ferramentas,100000,Pago,1.39,4.7,9260,Não,Não,1.3p,18/09/2020,5.0,Classificação Livre,17/05/2019
Linux Command Library,Ferramentas,1000000,Gratuito,0.0,4.8,6570,Não,Não,Varia de acordo com o dispositivo,15/08/2022,Varia,Classificação Livre,2/01/2015
Game Booster 4x Faster,Ferramentas,10000000,Gratuito,0.0,4.5,256000,Sim,Sim,1.7.0,7/08/2022,4.4,Classificação Livre,30/10/2019
"Game Booster Pro: Lag Fix, GFX",Ferramentas,100000,Pago,0.59,4.4,42200,Não,Não,2.3.2r,11/08/2022,4.4,Classificação Livre,1/09/2019
UU Game Booster - Lower Lag,Ferramentas,5000000,Gratuito,0.0,3.6,50100,Sim,Sim,7.1.1.0718,18/08/2022,5.0,Classificação Livre,30/03/2017
Widgets iOS 15 - Color Widgets,Ferramentas,10000000,Gratuito,0.0,4.5,147000,Sim,Sim,1.11.4,12/07/2022,5.0,Classificação Livre,5/01/2021
NVIDIA GeForce NOW,Ferramentas,5000000,Gratuito,0.0,3.7,63200,Não,Não,Varia de acordo com o dispositivo,10/08/2022,Varia,Classificação 14 anos • Violência,23/07/2021
Mi Control Center,Ferramentas,10000000,Gratuito,0.0,4.6,194000,Sim,Sim,18.4.1,16/08/2022,5.0,Classificação Livre,30/06/2020
Gameram,Ferramentas,100000,Gratuito,0.0,4.5,1140,Não,Não,1.28.0,9/08/2022,7.0,Classificação 12 anos • Linguagem Imprópria,9/12/2020
Assistive Touch para Android,Ferramentas,50000000,Gratuito,0.0,4.7,1900000,Sim,Sim,38,9/02/2022,5.0,Classificação Livre,12/04/2015
Anime Launcher,Ferramentas,100000,Gratuito,0.0,4.4,9610,Sim,Sim,3.3.1,9/08/2022,5.0,Classificação Livre,7/12/2020
I Am Sober - Eu estou sóbrio,Ferramentas,1000000,Gratuito,0.0,4.9,63200,Não,Sim,7.4.0,8/08/2022,5.0,Classificação 12 anos • Linguagem Imprópria,18/02/2014
COS.TV -Plataforma de conteúdo com diversos vídeos,Ferramentas,500000,Gratuito,0.0,3.9,5580,Não,Não,1.1.4,12/05/2020,5.0,"Classificação 12 anos • Violência, Conteúdo Sexual",10/01/2020
Game Boost Master｜Memory Clear,Ferramentas,1000000,Gratuito,0.0,4.5,20300,Sim,Não,Varia de acordo com o dispositivo,1/08/2021,Varia,Classificação Livre,14/02/2018
Sololearn: Learn to Code,Ferramentas,10000000,Gratuito,0.0,4.7,569000,Sim,Sim,4.24.3,10/08/2022,5.0,Classificação 12 anos • Linguagem Imprópria,25/10/2016
Root Booster,Ferramentas,10000000,Gratuito,0.0,4.6,267000,Não,Sim,4.0.9,24/11/2021,5.0,Classificação Livre,17/10/2014
Poupança de Bateria - Reforço,Ferramentas,5000000,Gratuito,0.0,4.5,93800,Sim,Sim,1.0.40,2/03/2022,4.4,Classificação Livre,17/12/2019
aumentar volume - equalizador,Ferramentas,10000000,Gratuito,0.0,4.8,572000,Sim,Sim,4.5.6,16/08/2022,4.4,Classificação Livre,17/05/2019
One Shade: Custom Notification,Ferramentas,5000000,Gratuito,0.0,4.3,36200,Sim,Sim,18.4.1,16/08/2022,5.0,Classificação Livre,15/02/2020
Nox Security - Antivírus,Ferramentas,50000000,Gratuito,0.0,4.3,1000000,Sim,Sim,2.5.9,4/08/2022,4.4,Classificação Livre,1/03/2019
Avast Cleanup - app de limpeza,Ferramentas,50000000,Gratuito,0.0,4.8,1190000,Sim,Sim,Varia de acordo com o dispositivo,12/08/2022,Varia,Classificação Livre,27/02/2015
Economia de Bateria - Bataria,Ferramentas,1000000,Gratuito,0.0,4.2,61400,Não,Não,4.49.197,31/03/2022,5.0,Classificação Livre,22/09/2011
Hibernation Manager,Ferramentas,1000000,Gratuito,0.0,4.6,48600,Não,Sim,2.3,20/07/2017,2.3.3,Classificação Livre,11/12/2014
VLLO-Editor de vídeo intuitivo,Ferramentas,10000000,Gratuito,0.0,4.3,126000,Sim,Sim,8.0.8,8/08/2022,6.0,Classificação Livre,4/06/2015
Viewpoints,Ferramentas,5000000,Gratuito,0.0,4.8,67800,Não,Não,131.0.0.1.109,21/08/2022,5.0,Classificação Livre,28/06/2021
Guitar Tuner Pro: Music Tuning,Ferramentas,1000000,Gratuito,0.0,4.6,30900,Sim,Sim,1.17.02,16/06/2022,5.0,Classificação Livre,13/11/2019
Refrigerador de CPU - Limpador,Ferramentas,10000000,Gratuito,0.0,4.7,396000,Sim,Sim,1.8.5,16/08/2022,4.1,Classificação Livre,10/07/2016
Cleaner Game Booster,Ferramentas,1000000,Gratuito,0.0,4.7,63400,Sim,Sim,1.0.351,26/06/2022,4.2,Classificação Livre,9/09/2018
Quick Settings Plugin,Ferramentas,500000,Gratuito,0.0,3.7,6640,Sim,Não,2.0,16/11/2016,2.3,Classificação Livre,26/04/2013
CPU X -Informações de telefone,Ferramentas,5000000,Gratuito,0.0,4.8,174000,Sim,Sim,3.5.4,10/07/2022,5.0,Classificação Livre,20/03/2015
Brainbuddy: Quit Porn Forever,Ferramentas,100000,Gratuito,0.0,3.6,2580,Não,Sim,21.1,18/07/2022,5.0,Classificação 12 anos • Linguagem Imprópria,19/01/2018
Shimeji,Ferramentas,10000000,Gratuito,0.0,4.7,337000,Não,Sim,4.9,27/12/2021,4.1,Classificação Livre,24/12/2016
Razer Cortex Games—Play & Earn,Ferramentas,1000000,Gratuito,0.0,4.7,150000,Sim,Sim,7.3.3370,18/08/2022,7.1,Classificação Livre,11/12/2018
Volume Styles - Personalizar,Ferramentas,10000000,Gratuito,0.0,4.6,109000,Sim,Sim,4.4.0,16/06/2022,5.0,Classificação Livre,29/03/2020
ActionDash: Bem-estar digital,Ferramentas,1000000,Gratuito,0.0,4.7,48300,Não,Não,8.6.8,21/06/2022,5.0,Classificação Livre,18/01/2019
AccuBattery - Bateria,Ferramentas,10000000,Gratuito,0.0,4.7,392000,Sim,Sim,1.5.1.1,20/08/2021,5.0,Classificação Livre,7/08/2016
Antistalker - Segurança móvel,Ferramentas,500000,Gratuito,0.0,4.6,8640,Não,Sim,0.193,8/08/2022,9,Classificação Livre,8/02/2021
Outline Icons - Icon Pack,Ferramentas,10000,Pago,8.49,4.6,1140,Não,Sim,3.22,10/08/2022,4.1,Classificação Livre,10/08/2017
Intro Maker -video intro outro,Ferramentas,10000000,Gratuito,0.0,4.6,1560000,Sim,Sim,4.9.2,22/04/2022,5.0,"Classificação 10 anos • Violência, Linguagem Imprópria",4/04/2018
Phone Clone,Ferramentas,500000000,Gratuito,0.0,3.8,122000,Não,Não,11.0.0.300,9/08/2020,4.4,Classificação Livre,18/07/2016
Auto Optimizer [Trial],Ferramentas,100000,Gratuito,0.0,4.5,5310,Não,Não,1.11.6.2,6/08/2022,5.0,Classificação Livre,24/02/2014
Power Shade: Notificações,Ferramentas,5000000,Gratuito,0.0,4.3,40000,Sim,Sim,18.2.4.3,16/08/2022,5.0,Classificação Livre,28/07/2018
KWGT Kustom Widget Maker,Ferramentas,5000000,Gratuito,0.0,4.1,37400,Sim,Sim,3.60b220711,19/08/2022,5.0,Classificação Livre,14/10/2015
Touch Macro Pro - Auto Clicker,Ferramentas,1000000,Gratuito,0.0,2.2,10800,Não,Sim,1.8.4,20/08/2022,5.0,Classificação Livre,14/09/2018
Audio Profiles - Sound Manager and Scheduler,Ferramentas,100000,Gratuito,0.0,4.3,2200,Não,Sim,15.1.2,15/08/2020,4.0.3,Classificação Livre,8/08/2013
Panda Mouse Pro(BETA),Ferramentas,100000,Pago,11.99,3.5,9290,Não,Não,1.5.0,2/04/2021,4.4,Classificação Livre,23/10/2019
"Octopus - Gamepad, Keymapper",Ferramentas,10000000,Gratuito,0.0,3.8,436000,Sim,Sim,Varia de acordo com o dispositivo,25/02/2021,4.4,Classificação 14 anos • Violência,21/01/2018
Octopus Mobile,Ferramentas,1000,Gratuito,0.0,0.0,0,Não,Não,1.8.1,18/08/2022,6.0,Classificação Livre,10/09/2015
DosBox Turbo,Ferramentas,100000,Pago,9.99,4.1,2870,Não,Não,Varia de acordo com o dispositivo,23/10/2015,Varia,Classificação Livre,22/02/2012
WiFi Mouse Pro,Ferramentas,100000,Pago,24.99,3.5,6260,Não,Não,4.5.3,24/06/2022,5.0,Classificação Livre,22/03/2012
Libraries for developers,Ferramentas,100000,Gratuito,0.0,4.8,6050,Não,Não,3.84.01,30/06/2022,5.0,Classificação Livre,6/05/2013
Octopus,Ferramentas,10000,Gratuito,0.0,0.0,0,Não,Não,3.6,6/06/2022,5.0,Classificação Livre,21/12/2015
Brevent,Ferramentas,100000,Gratuito,0.0,4.0,8380,Não,Sim,4.2.17,19/08/2022,6.0,Classificação Livre,16/02/2017
Serverless Keyboard Mouse Pro,Ferramentas,5000,Pago,7.9,4.2,530,Não,Não,4.17.4,18/08/2022,5.0,Classificação Livre,30/12/2019
ISO Fits,Ferramentas,100000,Gratuito,0.0,4.4,508,Não,Não,4.4,22/05/2022,4.4,Classificação Livre,3/04/2012
System Monitor Cpu Ram Booster,Ferramentas,10000,Pago,13.99,4.4,4580,Não,Não,9.0.1,4/08/2022,4.4,Classificação Livre,16/08/2015
CPU Identifier Pro,Ferramentas,100000,Pago,0.99,4.9,20300,Não,Não,2.4.3,19/07/2019,4.1,Classificação Livre,15/08/2018
VICTVS V3,Ferramentas,10000,Gratuito,0.0,0.0,0,Não,Não,v2.5.2,28/06/2022,8.0,Classificação Livre,9/07/2020
Virtual Terminal,Ferramentas,10000,Gratuito,0.0,0.0,0,Não,Não,1.4.2,12/06/2021,2.1,Classificação Livre,5/12/2014
Sherwa - Gaming Made Easy (Beta),Ferramentas,500000,Gratuito,0.0,3.7,3200,Não,Sim,4.3.5,17/05/2022,8.0,Classificação 12 anos • Linguagem Imprópria,29/10/2019
KiguchilizeX(G) KEMONO FRIENDS,Ferramentas,10000,Gratuito,0.0,0.0,0,Não,Não,試作十五型,11/10/2019,4.0,Classificação Livre,16/04/2017
Arduino & ESP32 Bluetooth Controller App - Dabble,Ferramentas,100000,Gratuito,0.0,4.1,713,Não,Não,1.0.6,16/03/2020,5.0,Classificação Livre,10/12/2018
Cyware Social - Cyber Security News,Ferramentas,10000,Gratuito,0.0,0.0,0,Não,Não,4.1.5,14/06/2021,5.0,Classificação Livre,9/06/2016
Inware,Ferramentas,100000,Gratuito,0.0,4.4,1320,Não,Não,6.3.02,16/08/2022,7.0,Classificação Livre,10/10/2018
AUG Launcher pro,Ferramentas,1000,Pago,5.49,3.7,118,Não,Não,4.0,21/05/2022,4.4,Classificação Livre,4/03/2018
Teclado e Mouse Bluetooth sem Servidor,Ferramentas,1000000,Gratuito,0.0,4.1,16300,Não,Sim,4.17.4,17/08/2022,5.0,Classificação Livre,21/03/2018
Panda Gamepad Pro (BETA),Ferramentas,500000,Pago,12.0,2.9,30900,Não,Não,1.4.9,2/04/2021,4.4,Classificação Livre,21/02/2019
Phone Guardian - Segurança VPN,Ferramentas,10000000,Gratuito,0.0,4.9,576000,Não,Não,3.3.1,21/07/2022,5.0,Classificação Livre,25/09/2018
Blink Home Monitor — Smart Home Security App,Ferramentas,5000000,Gratuito,0.0,3.7,38400,Não,Não,6.15.0,15/08/2022,6.0,Classificação Livre,9/06/2016
Advisor Advanced Pro,Ferramentas,100000,Gratuito,0.0,0.0,0,Não,Não,1.4.6,7/06/2022,7.0,Classificação Livre,2/02/2018
Lookout for Work,Ferramentas,500000,Gratuito,0.0,4.0,3190,Não,Não,7.6.0.1220,10/08/2022,5.0,Classificação Livre,19/11/2014
Stash - Rastreador de jogos,Ferramentas,100000,Gratuito,0.0,4.7,3280,Não,Sim,1.28.1,18/08/2022,6.0,Classificação Livre,22/09/2019
UPS Mobile,Ferramentas,10000000,Gratuito,0.0,2.9,86900,Sim,Não,Varia de acordo com o dispositivo,19/05/2022,Varia,Classificação Livre,1/11/2018
Citra Emulator,Ferramentas,1000000,Gratuito,0.0,0.0,0,Não,Sim,,8/05/2021,,Classificação Livre,
McDonald's Hong Kong,Ferramentas,1000000,Gratuito,0.0,4.1,30500,Não,Não,4.8.57,17/08/2022,6.0,Classificação Livre,16/08/2021
AlReader -any text book reader,Ferramentas,5000000,Gratuito,0.0,3.9,105000,Não,Não,1.932102241,23/02/2021,2.3,Classificação Livre,27/03/2013
JARVIS GPS Monitor,Ferramentas,5000,Pago,10.99,4.3,381,Não,Não,2.2.5,4/10/2021,5.0,Classificação Livre,1/12/2014
Lançador de temas de pixel Pro Lançador de,Ferramentas,10000,Pago,9.99,4.1,327,Não,Não,2.4.4,5/08/2021,5.0,Classificação Livre,9/11/2018
ESET Mobile Security Antivirus,Ferramentas,10000000,Gratuito,0.0,4.8,969000,Não,Sim,7.3.19.0,27/07/2022,5.0,Classificação Livre,5/08/2013
Torque Pro (OBD2 / Carro),Comunicação,1000000,Pago,11.95,3.9,71700,Não,Não,1.12.98,7/03/2022,4.1,Classificação Livre,7/03/2010
Você tem 1 real?,Entretenimento,10000,Pago,0.99,4.7,510,Não,Não,2.3,22/05/2021,4.1,Classificação Livre,19/01/2020
Meta Launcher PRO - iOS 15,Personalização,50000,Pago,0.49,4.5,7690,Sim,Não,31,30/03/2022,5.0,Classificação Livre,10/02/2022
Indistractable Launcher - The Minimalist Launcher,Personalização,500000,Gratuito,0.0,0.0,0,Não,Sim,,13/01/2022,,Classificação Livre,
Milky Launcher Pro,Personalização,50000,Pago,8.49,4.4,679,Não,Não,Pro,29/10/2021,5.0,Classificação Livre,23/11/2020
Ruthless Launcher,Personalização,100000,Gratuito,0.0,4.2,4170,Não,Não,2022-04-11 17:34,11/04/2022,7.0,Classificação Livre,15/08/2020
ap15 Launcher,Personalização,1000000,Gratuito,0.0,4.6,15400,Não,Sim,Varia de acordo com o dispositivo,28/09/2021,Varia,Classificação Livre,31/05/2015
hyperion launcher,Personalização,1000000,Gratuito,0.0,4.2,14900,Não,Sim,hundred seventeen,20/07/2022,5.0,Classificação Livre,15/10/2018
Lawnchair 2,Personalização,1000000,Gratuito,0.0,4.4,35300,Não,Não,Varia de acordo com o dispositivo,4/12/2019,5.0,Classificação Livre,10/06/2018
Ratio: Productivity Homescreen,Personalização,500000,Gratuito,0.0,3.8,10500,Não,Sim,6.2.0,18/08/2022,8.1,Classificação Livre,14/09/2020
Star Launcher Prime,Personalização,50000,Pago,8.49,4.2,698,Não,Não,Prime,29/10/2021,5.0,Classificação Livre,12/02/2020
X Launcher Pro,Personalização,50000,Pago,9.49,4.8,7280,Não,Não,Varia de acordo com o dispositivo,22/05/2022,Varia,Classificação 12 anos • Conteúdo Sexual,30/01/2018
Nova Launcher,Personalização,50000000,Gratuito,0.0,4.4,1310000,Não,Não,Varia de acordo com o dispositivo,15/12/2021,Varia,Classificação Livre,23/02/2012
Niagara Launcher ‧ limpo,Personalização,1000000,Gratuito,0.0,4.8,38800,Não,Sim,1.6.5,14/04/2022,5.0,Classificação Livre,30/01/2021
Breath Companion,Personalização,500000,Gratuito,0.0,4.3,13300,Sim,Sim,3.10.1,6/07/2022,5.0,Classificação Livre,5/05/2017
Total Launcher,Personalização,1000000,Gratuito,0.0,4.3,23700,Não,Sim,2.9.5,13/06/2022,5.0,Classificação Livre,27/01/2015
Lean Launcher,Personalização,500000,Gratuito,0.0,4.2,8340,Não,Não,1.1.9,9/10/2018,5.0,Classificação Livre,28/02/2018
AIO Launcher,Personalização,500000,Gratuito,0.0,4.5,12400,Não,Sim,4.5.1,18/08/2022,5.0,Classificação Livre,4/11/2017
ASAP Launcher,Personalização,500000,Gratuito,0.0,4.3,14200,Não,Sim,1.28,8/03/2019,5.0,Classificação Livre,30/06/2016
"OS14 Launcher, App Lib, i OS14",Personalização,1000000,Gratuito,0.0,4.0,12600,Sim,Sim,3.9,14/08/2022,4.4,Classificação Livre,28/07/2020
Olauncher. Minimal AF Launcher,Personalização,100000,Gratuito,0.0,4.7,7770,Não,Não,v3.5.4,18/08/2022,6.0,Classificação Livre,17/07/2020
"Rotation Control - rotação, orientação",Personalização,1000000,Gratuito,0.0,3.7,11300,Não,Não,4.0.4,6/08/2022,5.0,Classificação Livre,26/10/2016
Athena Icon Pack: iOS icons,Personalização,,Pago,9.99,4.4,143,Não,Sim,,,,,
ADW Launcher 2,Personalização,,Gratuito,0.0,4.3,185000,Não,Sim,,,,,
O Launcher (Version 2022),Personalização,,Gratuito,0.0,4.0,25200,Sim,Sim,,,,,
Before Launcher,Personalização,,Gratuito,0.0,4.6,6780,Não,Sim,,,,,
Shade Launcher,Personalização,,Gratuito,0.0,4.1,12000,Não,Não,,,,,
Nova Launcher Prime,Personalização,,Pago,4.99,4.6,357000,Não,Não,,,,,
Launcher iOS 16,Personalização,,Gratuito,0.0,4.8,2330000,Sim,Não,,,,,
Smart Launcher 6,Personalização,,Gratuito,0.0,4.0,599000,Não,Sim,,,,,
"Solo Launcher-Limpo, Suave,DIY",Personalização,,Gratuito,0.0,4.3,2840000,Sim,Não,,,,,
Super S9 Launcher for Galaxy S,Personalização,,Gratuito,0.0,4.5,166000,Sim,Sim,,,,,
Smart Launcher Pro 3,Personalização,,Pago,31.99,4.3,40900,Sim,Não,,,,,
Lollipop Launcher,Personalização,,Gratuito,0.0,4.4,73800,Não,Não,,,,,
Launcher iOS 15,Personalização,,Gratuito,0.0,4.7,192000,Sim,Não,,,,,
PSOL Launcher - Pixel Style Omni Launcher,Personalização,,Gratuito,0.0,4.0,2160,Sim,Sim,,,,,
Lightning Launcher,Personalização,,Pago,15.99,4.0,3390,Não,Sim,,,,,
Nova Launcher Prime,Personalização,,Pago,4.99,4.6,357000,Não,Não,,,,,
Toca Life: Hospital,Educação,,Pago,12.9,4.2,7200,Sim,Não,,,,,
audioPro™ B̶R̶L̶8̶.̶9̶9̶,Música e áudio,,Pago,0.69,4.3,4820,Não,Não,,,,,
10X Fire GFX Sensitivity Tool,Ferramentas,,Pago,0.99,3.3,5580,Não,Não,,,,,
FL Studio Mobile,Música e áudio,,Pago,18.0,4.0,32800,Não,Sim,,,,,
Poweramp Unlocker,Música e áudio,,Pago,9.9,4.7,284000,Não,Não,,,,,
TeamSpeak 3 - Voice Chat Software,Comunicação,,Pago,4.49,3.4,42800,Não,Não,,,,,
PRIME 003 - Modern Digital,Personalização,,Pago,6.99,4.4,106,Não,Não,,,,,
IPTV Extreme Pro,Reproduzir e editar vídeos,,Pago,6.49,3.6,9550,Sim,Não,,,,,
Game Booster VIP Lag Fix & GFX,Bibliotecas e demos,,Pago,2.89,4.6,9880,Não,Não,,,,,
Toca Life: Neighborhood,Educação,,Pago,12.9,4.0,4180,Sim,Não,,,,,
As Semanas Magicas,Saúde e fitness,,Pago,30.99,4.6,37900,Não,Sim,,,,,
Galeria Simples Pro: Fotos,Fotografia,,Pago,3.79,3.9,108000,Não,Não,,,,,
TouchRetouch,Fotografia,,Pago,9.99,4.6,30100,Não,Não,,,,,
iLiturgia,Livros e referências,,Pago,20.99,4.9,9960,Não,Não,,,,,
IPTV Pro,Reproduzir e editar vídeos,,Pago,14.99,3.0,6250,Não,Não,,,,,
TV Cast Pro for LG webOS,Reproduzir e editar vídeos,,Pago,19.99,2.1,1200,Não,Não,,,,,
MD299: Hybrid watch face,Personalização,,Pago,6.99,4.2,50,Não,Não,,,,,
Toca Pet Doctor,Educação,,Pago,12.9,4.1,1650,Sim,Não,,,,,
eBatuque,Música e áudio,,Pago,89.99,4.5,430,Não,Não,,,,,
DroidCamX - HD Webcam for PC,Ferramentas,,Pago,25.0,4.7,14000,Não,Não,,,,,
WFP 160 Luxury Watch Face,Personalização,,Pago,3.39,4.0,269,Não,Não,,,,,
Dark MODE Watch Face,Personalização,,Pago,6.99,4.1,223,Não,Não,,,,,
Você tem 2 reais?,Entretenimento,,Pago,1.99,3.5,45,Não,Não,,,,,
NFC Tools - Pro Edition,Ferramentas,,Pago,9.99,4.3,6430,Não,Não,,,,,
Bíblia Strong Premium,Educação,,Pago,5.99,4.8,62,Não,Não,,,,,
Calls Blacklist PRO,Comunicação,,Pago,3.99,4.0,40400,Não,Não,,,,,
ACTIVE 48 - Futuristic Digital,Personalização,,Pago,5.99,5.0,9,Não,Não,,,,,
Toca Life: Vacation,Educação,,Pago,12.9,4.2,8700,Sim,Não,,,,,
Screen Mirroring Pro App,Ferramentas,,Pago,19.99,1.7,1860,Não,Não,,,,,
AlpineQuest Off-Road Explorer,Mapas e navegação,,Pago,44.99,4.8,7640,Não,Não,,,,,
Toca Life: School,Educação,,Pago,12.9,4.3,15900,Sim,Não,,,,,
ReadEra Premium,Livros e referências,,Pago,35.99,4.8,21100,Não,Não,,,,,
Toca Mini,Educação,,Pago,12.9,3.8,2590,Sim,Não,,,,,
PGT +: Pro GFX & Optimizer,Ferramentas,,Pago,1.39,4.1,58000,Não,Não,,,,,
Duplex play,Entretenimento,,Pago,6.99,2.3,227,Não,Não,,,,,
Toca Life: Pets,Educação,,Pago,12.9,4.3,2870,Sim,Não,,,,,
Toca Life: City,Educação,,Pago,12.9,4.1,32500,Sim,Não,,,,,
Google One,Produtividade,,Gratuito,0.0,4.3,369000,Não,Sim,,,,,
"Globoplay: filmes, séries e +",Entretenimento,,Gratuito,0.0,4.3,671000,Sim,Sim,,,,,
HBO Max: Assista à TV e filmes,Entretenimento,,Gratuito,0.0,3.0,399000,Sim,Sim,,,,,
Tinder - Bate Papo e Namoro,Estilo de vida,,Gratuito,0.0,3.5,4710000,Sim,Sim,,,,,
Disney+,Entretenimento,,Gratuito,0.0,4.5,1990000,Não,Sim,,,,,
"Canva: Design, Foto e Vídeo",Arte e design,,Gratuito,0.0,4.8,9220000,Não,Sim,,,,,
TikTok,Social,,Gratuito,0.0,4.5,51300000,Sim,Sim,,,,,
Star+,Entretenimento,,Gratuito,0.0,4.3,214000,Não,Sim,,,,,
Crunchyroll,Entretenimento,,Gratuito,0.0,4.4,1030000,Sim,Sim,,,,,
Kwai - Ver Vídeos Bacanas,Reproduzir e editar vídeos,,Gratuito,0.0,4.8,9490000,Sim,Sim,,,,,
Resso - Músicas e Podcasts,Música e áudio,,Gratuito,0.0,4.5,2780000,Sim,Sim,,,,,
Twitch: Transmissão ao vivo,Entretenimento,,Gratuito,0.0,4.5,4970000,Sim,Sim,,,,,
Duolingo: Inglês e muito mais!,Educação,,Gratuito,0.0,4.7,13300000,Sim,Sim,,,,,
happn — App de paquera,Estilo de vida,,Gratuito,0.0,4.2,1660000,Sim,Sim,,,,,
Microsoft OneDrive,Produtividade,,Gratuito,0.0,4.8,3520000,Não,Sim,,,,,
Serasa: Consulta CPF e Score,Finanças,,Gratuito,0.0,4.4,561000,Sim,Sim,,,,,
Viki: doramas em português,Entretenimento,,Gratuito,0.0,4.1,859000,Sim,Sim,,,,,
Dating: Inner Circle Encontros,Encontros,,Gratuito,0.0,4.1,25400,Não,Sim,,,,,
LinkedIn: Pesquisa de emprego,Corporativo,,Gratuito,0.0,4.6,2470000,Sim,Sim,,,,,
Whitebook Medicina: Residência,Medicina,,Gratuito,0.0,4.4,10500,Sim,Sim,,,,,
"Strava: Corra, Pedale, Explore",Saúde e fitness,,Gratuito,0.0,4.4,771000,Não,Sim,,,,,
Grindr - Bate-papo gay,Social,,Gratuito,0.0,3.8,722000,Sim,Sim,,,,,
Google Drive,Produtividade,,Gratuito,0.0,4.3,9360000,Não,Sim,,,,,
Premiere,Esportes,,Gratuito,0.0,4.3,101000,Sim,Sim,,,,,
Passei Direto - App de Estudos,Educação,,Gratuito,0.0,3.9,206000,Sim,Sim,,,,,
BuzzCast - Ex-FaceCast,Social,,Gratuito,0.0,4.1,64500,Não,Sim,,,,,
Dreame,Livros e referências,,Gratuito,0.0,4.4,985000,Não,Sim,,,,,
Ligo Live,Entretenimento,,Gratuito,0.0,3.5,6240,Não,Sim,,,,,
Facebook,Social,,Gratuito,0.0,4.0,130000000,Sim,Sim,,,,,
Deezer: Ouvir Música e Podcast,Música e áudio,,Gratuito,0.0,4.6,2950000,Sim,Sim,,,,,
Picsart Editor de Foto e Vídeo,Fotografia,,Gratuito,0.0,4.0,11500000,Sim,Sim,,,,,
Lera-Brilha Seu Sorriso,Livros e referências,,Gratuito,0.0,4.2,11800,Sim,Sim,,,,,
Badoo: conversas e encontros,Encontros,,Gratuito,0.0,4.1,5960000,Sim,Sim,,,,,
Circuit Planejador de Rotas,Mapas e navegação,,Gratuito,0.0,4.7,89700,Não,Sim,,,,,
discovery+ | Streaming,Entretenimento,,Gratuito,0.0,4.8,176000,Sim,Sim,,,,,
FaceApp: Editor facial,Fotografia,,Gratuito,0.0,4.5,4440000,Sim,Sim,,,,,
Treino para perda de peso,Saúde e fitness,,Gratuito,0.0,4.2,95900,Não,Sim,,,,,
"Udemy: aprender online com 130,000 video cursos",Educação,,Gratuito,0.0,4.6,373000,Não,Sim,,,,,
Discord - Converse & Fale,Comunicação,,Gratuito,0.0,4.4,4600000,Não,Sim,,,,,
"Bumble: date, amigos e network",Encontros,,Gratuito,0.0,4.2,440000,Não,Sim,,,,,
CamScanner - PDF Scanner app,Produtividade,,Gratuito,0.0,4.9,4090000,Sim,Sim,,,,,
Paramount+,Entretenimento,,Gratuito,0.0,4.1,95700,Não,Sim,,,,,
"Hago- Festa, Conversa, Jogos",Social,,Gratuito,0.0,4.2,6240000,Sim,Sim,,,,,
Adobe Acrobat Reader: Ler PDF,Produtividade,,Gratuito,0.0,4.7,5210000,Não,Sim,,,,,
Avast Antivírus & Segurança,Ferramentas,,Gratuito,0.0,4.8,6990000,Sim,Sim,,,,,
